{
  "project_info": {
    "project_number": "660583077227",
    "project_id": "logincredentials-b9e16",
    "storage_bucket": "logincredentials-b9e16.appspot.com"
  },
  "client": [
    {
      "client_info": {
        "mobilesdk_app_id": "1:660583077227:android:760f1246aa4502b1f1a82e",
        "android_client_info": {
          "package_name": "com.example.chatbotui"
        }
      },
      "oauth_client": [
        {
          "client_id": "660583077227-goi1j8cti482ld6f31rt80agb5ho2ik7.apps.googleusercontent.com",
          "client_type": 3
        }
      ],
      "api_key": [
        {
          "current_key": "AIzaSyDpQuizr_Y65E16CzJuStU4ofHomNXOW2s"
        }
      ],
      "services": {
        "appinvite_service": {
          "other_platform_oauth_client": [
            {
              "client_id": "660583077227-goi1j8cti482ld6f31rt80agb5ho2ik7.apps.googleusercontent.com",
              "client_type": 3
            }
          ]
        }
      }
    }
  ],
  "configuration_version": "1"
}